cluster_id,x,y,z
1,9.365063,8.788173,2.1546004
2,6.093295,8.624122,2.9124246
3,8.786691,6.5049825,3.0050929
4,10.261899,9.471769,4.5891204
5,10.328663,5.5139327,4.7713237
6,8.142123,7.53784,2.7374086
7,8.29938,5.5627904,3.5634136
8,9.518717,8.5958185,2.5527287
9,8.612227,9.11623,3.2999995
10,7.803926,8.507921,2.2415905
11,7.1545963,8.177537,4.668211
12,11.109131,10.222085,3.7333207
13,6.9594502,7.8453298,4.909211
15,8.597396,6.553677,3.060153
16,11.932823,6.0991435,3.6945832
17,7.4533553,8.00542,4.1232796
18,7.011396,9.189056,3.6018429
19,10.796791,8.801735,3.2105656
20,8.098964,8.141059,4.3779917
21,9.297781,8.17418,2.5052361
22,8.191515,7.767831,3.2089715
23,7.343986,6.9291034,4.0993004
24,8.320472,6.998479,4.588239
25,6.430179,8.108593,3.8637512
26,10.608937,5.450908,4.3211427
27,10.747519,5.50943,4.8965154
28,7.26952,7.666719,4.431392
29,9.503402,8.773803,2.6855865
30,6.1886525,7.695636,3.4636252
31,10.6234455,9.974244,3.618043
32,6.5156975,9.637615,3.3615522
33,9.880148,4.8412504,2.4938838
34,8.357081,8.805161,3.765635
35,7.582248,8.541075,4.254824
36,6.7298203,8.316084,2.5970166
37,9.993824,5.1465898,2.2564006
38,6.8277473,7.211265,3.214474
39,7.863466,7.2239985,4.3643045
40,11.53159,6.6584744,4.5404162
41,10.717233,8.797484,4.362227
42,11.235989,7.9578424,4.974301
43,8.072375,7.2359757,4.6725645
44,9.589238,6.9017277,4.32818
45,11.559334,9.034972,4.895886
46,5.259119,11.8471365,5.6767087
47,5.2299414,11.87614,5.7015557
48,8.03262,7.6574273,4.0663133
49,9.041262,6.988357,3.6676111
50,8.793774,6.3024144,3.0006142
51,7.32445,8.262427,4.139586
52,6.6798778,7.5128913,1.986485
53,8.360201,7.1695685,2.730617
54,11.798318,8.546587,4.535237
55,7.224627,8.373495,4.407062
56,11.109418,7.4886885,4.8739886
57,10.319703,6.7832727,4.006639
58,11.1355505,7.5428834,4.864001
59,10.277155,7.3531566,2.7379417
60,9.949797,6.3628144,4.83849
61,9.426577,5.8204174,4.7044373
62,6.5214186,8.019893,3.9258258
63,9.7894335,6.8683968,4.5767345
64,6.764975,8.144781,3.4060543
65,11.902052,8.645242,5.033059
66,9.726906,6.8368196,4.372971
67,7.869552,6.684446,4.0144744
68,7.885831,7.7627406,3.6998007
69,6.505458,10.244413,4.4854264
71,7.478473,7.5259852,4.7083373
72,7.8830767,6.663008,4.6263165
74,10.302524,6.857036,2.228356
75,8.000095,7.629207,4.4043355
76,7.7034225,8.529521,2.2582552
77,5.967106,8.78888,2.944671
78,10.353129,8.289206,4.8610506
79,7.6125116,7.0296726,3.6930373
80,7.3247514,8.485681,3.2502925
82,11.407138,9.441544,4.7738743
83,11.342647,9.412083,4.8881907
84,6.6031413,8.383279,5.124955
85,10.629671,9.568395,3.133378
86,10.668893,9.016677,2.867338
87,10.847469,9.24822,2.7575085
88,7.0062103,8.079904,4.837721
89,10.890828,9.304337,2.747844
90,7.9900537,7.613437,3.976441
91,6.6217465,8.340488,3.9119384
92,10.862554,9.222361,2.7142901
93,10.88912,9.269131,2.800375
94,11.054366,9.2313175,3.9931364
95,7.7273192,6.827278,4.038918
96,7.994163,9.600858,3.4299574
97,7.4123483,9.19437,3.63578
98,8.39868,5.6350594,4.0841856
99,10.311957,8.982734,4.3609347
100,10.297111,9.087244,3.9415655
101,10.254978,9.063408,3.9816813
103,10.1981735,9.313015,4.706284
104,10.301974,9.424737,4.561423
105,10.308092,9.375434,4.618407
106,10.447564,9.047398,4.034391
107,10.39888,8.943049,4.154502
108,10.575468,9.535617,3.7013185
111,10.076466,8.792457,4.509195
113,10.318418,8.919625,4.5663238
114,10.832094,8.899334,4.4003468
115,11.199278,8.23962,4.908365
116,10.437718,9.221657,4.0277734
118,10.43901,9.202938,3.8413157
119,10.427297,9.129969,3.9569216
120,8.398682,8.877553,4.120649
121,9.253922,8.927481,2.862437
122,7.7284665,5.9702125,4.266434
123,8.231198,5.7402773,4.116936
124,6.378194,7.5550075,3.84235
125,6.2297745,7.3683505,3.2441876
126,7.026777,8.656714,4.8976655
127,11.415951,8.56527,4.999136
128,7.056859,8.629763,5.258824
129,6.4283357,8.003707,3.304071
130,5.956071,7.460411,3.141162
131,6.5802855,6.954885,3.0674894
132,8.3659525,7.215353,2.7401652
133,8.208198,7.1090055,2.8260741
134,6.1719847,8.185733,3.9471366
135,7.7618966,7.0940385,3.3831315
136,8.257563,7.5209947,4.9850187
137,8.683089,7.250343,2.9999607
139,8.243822,7.150855,3.061171
140,7.255439,7.9030185,4.5281644
141,7.581045,7.8800716,4.773149
142,10.057472,6.8501244,2.5881271
143,6.347677,7.5868373,3.7487998
144,8.909984,7.753422,2.5960953
146,9.974707,6.8503776,2.5357628
147,10.013504,6.8899703,2.5544987
148,6.4839096,8.10791,3.9175045
149,9.965196,6.8496895,2.834022
151,10.027898,6.9270544,2.720994
152,10.035469,6.8853292,2.5423975
153,10.039592,6.8763437,2.6087465
154,8.414197,7.2439713,2.68578
155,8.63428,7.9251957,2.6435614
156,8.43193,7.2398458,2.7564437
157,8.474837,7.2730618,2.7346535
158,8.362166,7.0852942,2.8436985
159,8.355472,7.2056785,2.7602742
160,7.6619368,9.165151,3.7793634
161,7.524476,8.162609,4.2160015
162,9.105308,6.645489,3.222282
163,7.961341,7.042015,4.672161
164,9.407579,6.078999,4.561976
165,9.540853,7.393816,3.5918362
166,7.3566337,9.683454,5.013767
167,8.994919,9.291521,3.2258348
168,7.1148815,8.835505,5.1429644
169,9.608879,8.392273,5.1719594
170,7.1216507,8.812574,3.73314
171,9.396564,8.750677,2.0882316
172,11.828188,6.5167375,3.327603
173,7.008377,8.604076,4.207128
174,7.355233,6.710507,4.224021
176,11.931115,6.456867,3.4208922
177,7.290439,6.434861,3.9942036
178,9.523171,8.456924,5.546447
179,7.5318704,7.273491,4.0412993
180,8.130749,7.231972,4.6505175
181,10.5405855,4.739673,4.890045
182,8.449633,7.1448064,2.7809408
183,7.5313454,7.201128,4.3625565
184,7.527322,7.303264,4.3818183
185,6.453933,7.9482527,3.947041
186,7.0172596,8.35822,3.8215692
187,11.796557,5.935321,4.1709146
189,8.149683,8.204389,4.303316
190,11.875898,6.4454455,3.349673
191,11.806751,6.463867,3.2944832
192,11.9338455,6.3073235,3.4927285
193,11.972344,6.121724,3.6298358
194,12.004522,6.074671,3.6647978
195,7.5351105,7.863275,4.5086317
196,6.6772614,9.166104,4.6103234
197,9.153944,7.1251993,3.24059
198,7.4872427,7.432123,4.741998
199,7.571377,7.370277,4.7780724
200,6.87523,7.936058,5.037422
201,6.8206644,8.0008545,5.044357
202,8.783897,8.320172,4.4838877
203,7.3167496,6.9039,4.3091006
204,6.5756207,7.745985,2.3553596
205,6.5651283,7.7894044,2.4291031
206,6.5540137,7.7957277,2.3808672
209,10.725897,4.553355,3.8568437
210,6.46493,8.588364,4.454023
212,8.66442,6.499437,3.011587
213,9.795103,8.681177,4.528335
214,6.6682014,8.281049,3.1203492
215,6.462781,8.587981,4.503624
216,6.4097385,8.675602,4.386584
217,6.5690618,8.3478985,5.0879493
218,7.1356354,7.512135,1.2124754
219,7.0885215,7.5085573,1.153195
220,7.346659,6.3069453,3.8951297
221,7.2280188,6.3721313,4.024983
222,7.5976305,6.020528,3.721329
223,7.410861,6.317798,4.3793526
224,6.9290147,6.373915,4.596186
225,7.6785135,6.368545,4.448412
227,7.3027916,7.7656198,4.8939795
228,7.4544625,7.5855956,5.1865425
229,7.2233014,8.254895,4.691292
230,7.386692,9.670106,4.936205
231,6.5549912,7.919888,3.7999518
232,7.365933,9.615946,4.99697
233,7.440891,9.554544,4.935616
234,8.992557,9.407538,4.044856
235,9.227542,9.391585,4.0788946
236,9.2323885,9.419609,4.0090513
237,6.963044,8.705579,5.3318496
238,11.217542,8.489403,4.9897623
239,11.242712,8.434823,5.016792
240,6.556228,7.753807,3.8874133
241,6.688987,7.630016,4.2099843
242,6.877807,8.412784,5.09967
243,6.5201755,8.827302,5.103339
244,7.777574,8.479492,2.298083
245,6.919185,7.9189987,5.042392
246,7.2786555,8.228599,5.2695894
247,6.5612183,8.470173,4.708308
248,6.7284837,8.269806,4.845692
249,7.62217,7.1120677,5.4118586
250,6.5800223,8.462199,5.200209
251,7.0413723,7.86416,5.123096
252,7.066848,7.9388275,5.285093
253,6.5006213,8.531483,5.1362295
254,7.6764164,7.2341437,5.7921433
255,6.814592,8.45384,5.1928763
256,6.3090773,8.11508,3.8413851
257,6.320533,8.083293,3.8588922
258,7.6408267,7.311213,5.8189483
259,7.670479,7.2364273,5.827752
260,6.7773333,8.642193,5.278244
261,6.784398,8.740953,5.389582
262,6.6129847,8.361138,5.0869565
263,6.5903935,8.238694,4.9485726
264,7.8762307,6.5635347,4.140321
265,9.045531,6.918449,3.6235406
266,9.544671,8.492745,5.546746
267,11.621982,6.5562387,3.137336
268,8.246141,7.0469522,4.67969
269,10.972005,9.708895,3.839289
270,6.16594,8.204958,4.0409455
271,7.287194,7.2036777,3.7880998
272,6.8390393,7.5022707,3.6040335
273,8.679363,8.690106,4.2404633
274,6.9679866,7.401576,3.6202464
275,7.238556,7.290715,3.776001
276,7.299875,8.534032,3.395909
277,7.2758293,8.571178,3.365717
278,7.282578,8.598758,3.2961643
279,6.8325825,8.658598,3.2866912
280,6.996864,6.9627213,3.9792867
281,7.3743715,6.2935643,3.937147
282,8.726066,5.5132904,2.5988507
283,5.86083,8.032827,3.2531505
284,7.58905,6.230005,3.934532
285,11.16668,9.095486,4.7443743
287,11.309139,9.254864,4.800545
288,7.0431733,9.807854,3.748839
289,7.8787374,6.0918493,3.824584
290,8.146153,6.150121,4.151876
291,8.050698,6.232107,4.2853513
292,10.7328,9.878043,3.518935
293,10.553054,9.819512,3.2937224
294,10.518115,9.812044,3.2621968
295,7.1058197,8.254163,3.3595264
296,9.614703,7.528452,3.6164029
297,6.2851067,9.023184,3.1584914
298,7.986326,6.2201457,2.9052408
300,8.265532,5.2717466,3.5870793
301,7.5833864,7.251017,4.6682577
302,8.319071,7.0360155,4.796814
303,7.199527,6.6558504,4.1811404
304,7.5799246,7.3122516,4.5246606
305,7.602395,7.241059,4.770713
306,7.78089,6.7559566,4.682932
307,8.421971,5.7585015,4.4408827
308,8.0037155,5.4362626,3.6669552
309,8.5243225,5.1716857,3.3866456
310,8.346607,5.6509624,4.16695
311,7.3298416,7.0695763,4.4442754
312,7.558384,7.285366,3.9201436
313,7.8994102,6.4453197,4.543135
314,7.365602,6.1568074,4.450174
315,10.792849,8.191847,4.468877
316,7.6012473,7.405098,3.8309689
317,8.112246,6.8376875,4.832347
318,7.501217,7.4236417,3.7585847
319,7.5115247,7.4861407,3.9867036
320,7.575167,7.543444,3.7825575
321,7.5349603,7.5059,3.8873873
322,7.3018355,6.401331,4.062578
323,8.503577,7.616241,4.376248
324,8.410268,6.3349934,4.7123885
326,7.796299,7.03194,4.8593807
327,8.202906,6.554904,4.73729
328,8.356759,8.532454,3.760435
329,8.193725,6.5916295,4.726171
330,8.724475,7.3400455,3.2471082
331,8.29875,7.2983646,4.337672
332,8.496494,6.691355,3.9692123
333,8.719347,6.5519304,3.8074262
334,8.045938,6.8279204,4.1826367
335,8.562714,6.595892,3.966438
336,6.7172523,7.6922946,4.3603234
337,8.06678,7.1433716,5.0740795
338,7.4488907,6.3507366,3.500905
339,8.098101,6.7347484,5.0104165
340,8.499454,6.583529,5.02491
341,8.011113,6.322566,4.714695
342,8.269313,6.473215,4.77575
343,7.8731413,6.581049,4.5617914
344,8.202403,6.9181166,4.894641
345,8.143131,6.673012,5.027368
346,8.204954,6.441808,4.6916027
347,8.061353,6.3327036,4.6805444
348,7.4318876,9.536945,3.478344
349,7.604709,8.742904,3.0905125
350,6.535028,10.278984,4.4369993
351,11.942933,8.691906,4.800558
352,9.522126,7.0751157,3.7987282
353,9.400004,7.097379,3.8412478
354,9.549658,7.35028,3.7404683
355,9.663516,6.8375726,4.395075
356,9.664203,6.8585844,4.3913307
357,9.706342,6.7629747,4.192541
358,9.748261,6.836687,4.4372735
359,9.762889,6.476153,4.589215
360,9.797525,6.665249,4.546209
361,10.219148,6.478601,3.991858
362,6.5289354,7.633004,2.2413828
363,9.648631,6.66977,3.2140713
364,9.13496,8.090647,2.6870637
365,6.8485165,9.456504,3.2906272
366,6.9993815,9.330551,3.8263252
367,8.124135,8.977884,3.9097352
368,7.5063777,8.24466,2.5227792
369,9.672129,8.526452,5.480565
370,9.579854,8.511358,5.5117893
371,10.860587,7.1422524,4.7583137
372,10.017416,8.307964,5.305513
373,6.8529687,10.005258,4.946818
374,9.751553,8.532488,5.4605584
375,9.987621,8.418923,5.3841796
376,11.230454,9.254402,4.5113053
377,7.0497384,8.8250885,4.280116
378,8.04193,6.323428,4.0476866
379,9.871354,5.3017035,4.4139175
380,9.68139,5.739718,4.393175
381,7.5954146,6.28768,3.2813582
382,7.4139624,6.144883,3.7461307
383,9.835624,5.6603675,4.438651
384,9.297094,5.905437,4.579636
385,8.678264,5.73374,4.316344
386,7.1753626,9.320171,3.6168034
387,7.3330154,8.340232,4.472518
388,7.1924405,8.479257,4.3828754
389,11.932083,6.098661,3.68334
390,10.881835,8.355205,4.6455183
391,11.097896,8.363883,4.9575934
392,7.3860893,8.138047,3.3909104
393,7.867115,7.8387227,3.3914928
394,11.130785,8.366442,4.959729
395,10.928343,8.514744,4.849366
396,11.049028,8.368277,4.9559274
397,10.912478,8.456059,4.8157973
399,10.043992,5.6043205,2.2509618
400,11.094303,8.967307,3.4548502
401,11.112399,8.900109,3.4706628
402,11.097233,9.157342,3.4869032
403,11.098953,9.085278,4.5739913
404,10.786418,9.8245945,3.5589917
405,10.454755,4.3607845,3.3842843
406,11.208166,10.044505,3.6662989
407,10.976038,8.612465,4.756589
408,11.862128,8.464223,4.632197
409,11.089907,7.693667,4.8130627
410,10.619636,9.4052725,4.4903927
411,11.156956,10.208571,3.7008958
412,11.890548,8.6433735,5.055027
413,11.108993,10.172381,3.7880695
414,11.883952,8.560776,4.9203453
415,11.134952,10.022182,3.7404292
416,6.155242,9.230742,3.1502843
417,11.077186,8.549373,4.848508
418,11.919411,8.688507,4.8179803
419,11.128746,10.204611,3.7167952
420,11.110945,10.177238,3.7335145
421,11.053675,10.239539,3.7486267
422,11.058793,10.254163,3.74202
423,9.161443,6.5121703,3.4930782
424,11.869066,8.636558,4.9929667
425,11.904911,8.633337,4.7559643
426,11.896546,8.639219,4.869662
427,11.163829,5.75516,4.1814966
428,11.312236,9.134581,4.5134096
429,7.16781,8.83442,3.7099168
431,11.182602,8.905288,4.7533994
432,7.9802365,9.299333,3.541022
434,11.341482,9.016077,4.8077292
435,11.121534,9.3765545,4.4288545
436,10.429449,6.3489223,2.2467203
437,11.344704,9.357903,4.697563
438,11.269354,9.356194,4.60291
439,11.408335,9.376581,4.731774
440,10.820819,8.7210455,3.1724107
441,11.351922,9.324589,4.5891223
442,11.320539,9.273164,4.523705
443,11.418118,9.441214,4.761653
444,11.454476,9.498332,4.693296
445,11.472027,9.531012,4.713758
446,11.445876,9.373377,4.634227
447,11.474528,9.508265,4.7443337
448,10.822414,8.977398,3.5973744
449,11.491299,9.559098,4.703851
450,11.44384,9.586331,4.759574
451,10.778158,8.735681,3.1200588
452,6.4737782,10.590217,4.5822144
453,11.37563,8.0187845,5.0089636
454,9.9898205,5.0389843,2.2346575
455,11.63736,6.4844394,4.425799
456,10.952796,8.599052,3.3132987
457,10.808855,7.692824,4.881825
458,10.728599,5.112409,4.9383435
459,11.531155,6.354406,4.3485994
460,6.342799,7.8195333,3.2467496
461,6.7468286,8.165548,3.02177
462,6.20153,7.735996,3.457045
463,6.2274337,7.3373165,3.0929663
464,10.465184,8.065855,4.775701
465,6.6563973,7.834999,2.779606
466,11.5171995,6.5695243,4.6928296
467,11.605035,6.5274363,4.478672
468,11.645684,6.461683,4.5376525
469,6.28483,7.4226456,3.044359
471,11.03593,7.533659,4.942373
472,6.2813325,7.688746,2.4602177
473,6.5900397,7.5386553,2.0451093
474,8.64609,8.576843,4.2114015
475,7.9881296,9.283988,3.9059033
476,7.783953,8.223563,3.998818
477,8.347685,5.6968055,4.1314244
479,8.81033,8.581679,4.358064
480,9.772292,8.39071,5.1660495
481,7.8858614,8.893437,4.088688
482,7.807681,8.601667,4.0447755
483,5.8948298,7.489941,3.209159
484,5.967871,7.4330726,3.4128003
485,7.421774,9.275656,4.346845
486,7.1835504,9.0406275,3.4831097
487,6.9425406,9.678257,3.8069618
488,9.550269,8.641981,5.1255217
489,6.0103717,7.2784534,3.2590373
491,7.138716,9.133076,3.5571642
492,7.0042906,9.550711,3.6887972
493,6.303576,7.8725257,3.2558439
494,6.2228785,7.1732426,3.0059621
495,5.9161882,8.156762,3.2125647
497,6.0393157,7.5596004,3.6553743
499,6.6736226,8.375379,3.1917405
500,6.445041,7.9613056,2.7271292
501,7.444913,9.382702,3.5393274
502,5.9102573,7.4696255,3.134724
503,5.9010363,7.4463997,3.4048746
504,6.032861,7.6093464,3.6525705
505,5.9634237,8.738777,3.0359435
506,9.109516,7.1087217,4.159031
507,7.8965783,7.922627,4.3830748
508,5.870306,7.6656265,3.185305
509,5.8578873,8.237568,3.1880956
510,5.9152102,7.4250727,3.1776366
511,5.897112,7.451936,3.2005026
512,6.3884435,7.448708,2.343004
513,9.150331,6.2618775,3.2959285
514,6.4785924,9.498409,3.2357507
515,6.322541,7.760453,2.446135
516,6.14213,7.700426,3.095711
517,6.0251517,7.7043357,3.128094
518,6.1829324,7.628614,2.976312
520,9.647183,8.736028,4.9760146
521,7.0389066,7.0563893,3.2728853
522,10.753962,5.845184,2.9955485
523,9.636642,8.583345,5.374957
524,6.6685543,7.208242,2.2773073
525,6.722113,8.632279,4.1392946
526,9.480553,8.637967,5.244439
527,6.530252,8.336018,3.8425727
528,8.776551,8.254754,2.9215882
529,7.6382027,8.450947,4.337687
530,9.542044,8.628444,5.2286415
531,9.505934,8.2311,2.8530536
532,6.5261197,7.466202,2.068654
534,9.548728,8.598992,5.1971936
535,10.162328,5.2046003,2.2310867
536,6.20249,7.1687293,2.9996212
537,6.496574,7.199645,2.365765
538,6.627321,7.457857,1.985383
539,6.5356708,7.5446568,2.125526
540,6.588068,7.4716115,2.0271454
541,9.51406,8.634379,5.1579556
542,7.0795593,7.891636,5.2188597
543,9.21978,7.0771174,4.002286
544,6.6149535,9.917722,4.1578317
545,7.808287,8.476763,2.2502024
546,7.611354,9.582534,3.7173927
547,11.056895,5.2175255,4.3905787
548,8.900881,8.737097,2.5133808
549,9.27789,9.005452,2.711642
550,7.2114906,7.6741877,1.2780703
551,7.840548,8.477455,2.2418427
552,9.679851,5.707016,3.8043113
553,10.318947,5.737628,2.5524595
554,10.220784,5.688466,2.444278
555,10.302009,9.000638,3.730672
556,8.652196,9.035705,2.9134734
557,6.540585,10.253388,4.3994737
558,10.8011875,5.67881,2.8811095
559,6.386369,8.076483,3.8765657
560,10.962314,5.1353,4.9069734
561,9.983613,5.223204,2.2232738
562,10.009461,5.5522356,2.2823908
563,8.073652,9.196806,3.8288436
564,8.163442,9.07197,3.8621783
565,8.49274,9.052662,2.842152
566,7.113836,9.552651,4.1781197
567,7.2402644,9.686913,3.8759763
568,7.1454062,9.705396,3.9361737
569,9.037211,8.289064,2.1570756
570,8.815746,9.024711,3.1123836
571,8.739225,9.143172,3.1571052
572,6.840775,8.622046,3.5436208
574,8.439235,8.652573,3.560632
575,8.333406,8.813789,3.8093882
576,8.261222,9.039508,3.16232
577,8.258617,9.061556,3.2040246
578,8.392965,8.820049,3.37631
579,7.905362,8.7362385,2.9015644
580,8.906591,8.264662,2.0599554
581,9.16422,8.418173,1.9977794
582,7.873645,8.539946,2.263695
583,6.699403,10.000586,4.1593103
584,8.287634,5.7303324,2.8531172
585,7.2219305,9.611032,3.4096615
586,8.825133,6.3467093,3.0340955
587,8.761901,6.2789626,2.9795108
588,10.010855,5.286762,2.1582954
589,6.5455494,10.015396,3.871601
590,8.750073,5.6108117,2.6557245
591,8.77341,5.24152,3.1604052
593,11.028091,5.681669,4.2811103
594,10.445065,8.57997,2.6169
595,9.140174,8.174219,2.6705954
596,10.521898,4.763371,5.0197916
597,7.090416,8.495039,4.19855
598,9.030644,5.486636,2.4896228
599,9.93398,5.0196986,2.4196558
600,10.464501,6.696808,3.6453397
601,10.50221,5.421853,3.118986
602,8.64335,5.5632343,2.7220514
603,8.647007,5.604346,2.6914759
604,10.452128,5.825283,4.0239615
605,10.237301,4.24803,3.0718043
606,8.805442,8.5710945,2.465605
607,8.738867,8.492344,2.5874429
609,9.47837,8.8269,2.4494894
611,7.7512074,8.7269335,3.258798
612,7.6721816,8.718151,3.0377064
613,8.561023,8.634651,2.5560222
614,8.50146,8.574681,3.103833
615,9.4106865,8.709453,2.0668058
616,8.820028,8.843421,2.55554
617,9.934654,5.1508617,2.2967498
618,10.3326645,5.0915174,2.9475906
619,9.517456,4.2046328,2.5186636
620,9.479091,8.78419,2.010308
621,9.211316,8.560486,2.1488311
622,8.981437,9.188975,2.5189836
623,9.414157,8.997588,2.2238927
625,10.10272,5.3216257,2.499726
626,10.076119,5.386276,2.4273517
627,10.013977,5.3039393,2.3766582
628,8.6846895,8.540102,3.1343749
629,8.904476,8.4510565,2.5339246
630,8.925552,8.579761,2.4227655
631,9.612974,8.985392,2.0366757
632,7.060299,7.3350077,3.463856
633,9.306288,9.049775,2.2065668
634,7.680224,9.562061,3.792654
635,7.713907,9.518225,3.7984388
636,7.8379507,9.434918,3.7918394
637,7.7274795,9.422053,3.8454387
639,6.622658,9.934615,3.687626
640,9.923579,4.7371774,2.9909852
641,6.649585,9.8592,3.5263915
642,9.663862,8.901781,1.8699576
643,9.518598,8.816119,1.9793595
644,9.67232,8.928827,1.8594971
646,7.780005,9.507068,3.830194
647,6.558855,10.114551,4.407079
648,6.7011976,9.061836,4.9900784
649,6.7673545,9.806965,3.4988768
650,6.316238,9.358158,3.2764466
651,7.897023,9.399827,3.8094804
652,10.664667,4.787003,5.008263
654,7.503735,9.712864,3.7514498
655,10.719827,7.129238,4.2416234
656,9.770332,4.3451815,2.7748826
657,6.633038,9.124699,4.7097917
658,6.593631,10.133529,4.394055
659,6.62353,9.91743,4.374607
660,6.663608,10.495901,4.9253216
661,6.3644423,10.311065,4.7503443
662,6.3644814,10.284261,4.7628365
663,6.4259424,9.976578,4.9821734
664,6.102381,10.862407,5.0494695
665,6.3399954,10.745793,4.737132
667,10.7013855,4.85816,4.9511123
668,10.485198,4.8097367,4.498224
669,10.164986,4.4110155,2.978001
670,9.392297,8.757928,2.0589821
671,6.3993764,10.675126,4.648088
672,6.966225,10.355593,3.9970458
673,6.453646,10.563108,4.6942806
674,10.86857,6.5535464,4.221267
675,10.106041,4.121099,2.675992
676,10.131525,4.26235,2.8524528
677,9.810149,4.5055156,3.1491804
679,6.1596055,10.511929,4.978588
681,5.958872,10.837318,5.1845818
682,6.049484,10.643431,5.0304008
683,6.494512,9.585645,3.3448079
684,6.5216227,9.634941,3.3617346
685,10.565389,6.5766397,3.4243767
686,10.591308,6.399626,2.319292
687,10.608306,5.4005275,3.3504608
688,10.824596,5.679364,2.902783
689,9.732304,4.4086323,3.1477516
690,10.589847,5.320197,3.855446
691,10.353242,6.63648,2.2968447
692,10.510133,6.495532,2.233704
694,6.3630447,10.716014,4.705415
695,6.492615,10.560828,4.4773345
696,5.4183354,11.683269,5.566379
697,6.114878,11.102427,5.142645
698,9.940172,4.903602,2.3380673
699,6.0041203,10.817982,5.1212745
700,6.3030043,10.801115,4.7506504
701,6.5423794,9.998183,3.7056882
702,10.768497,5.9793077,2.6353297
703,11.286167,5.379175,4.5038934
704,10.653352,6.331592,2.3601396
705,10.59146,6.4474816,2.312053
706,11.28146,5.498877,4.3089933
707,10.984745,5.4009676,4.1315827
708,10.606863,6.2892694,2.3605065
709,9.694054,8.334945,2.018975
710,11.270881,5.1801534,4.235538
712,10.652896,6.3531704,2.3708048
713,6.1147285,11.034275,5.102667
714,6.140156,11.100154,5.135945
715,6.158704,11.095523,5.181353
716,9.693522,4.3252096,2.976765
717,10.609613,4.44376,3.6341763
718,11.592769,5.36442,3.9686215
719,9.707005,4.2877336,3.0292985
720,11.67246,5.583568,4.0661936
721,11.713389,5.5263667,3.9721746
723,8.3674755,7.230828,2.6879096
724,9.179578,8.19078,2.6030095
725,8.683347,7.856616,2.5987966
727,6.599997,8.437732,3.0409806
728,9.192751,8.891004,2.7919257
729,7.635008,7.2751,5.8118176
730,11.55531,8.712187,4.9711647
732,10.23546,9.46273,4.564117
733,7.551899,7.2546935,4.532123
734,9.076681,7.1435966,3.395333
735,7.149106,7.543697,4.2804303
736,6.880011,8.813993,5.219438
737,7.202918,8.130266,3.4543061
739,7.2506695,7.016022,4.4432287
740,6.7050753,8.629653,3.916889
741,6.269731,7.791517,2.5293643
742,8.431909,6.868785,3.7819524
743,10.586087,9.824321,3.296111
744,10.795322,5.372526,4.8049664
745,9.85093,4.6410704,2.9755137
746,8.395229,7.2429676,2.6576943
747,7.62585,6.5169287,4.5729895
748,6.9765716,6.3295336,4.610981
749,9.646703,6.597413,4.0306077
750,11.928292,6.4004188,3.4389307
751,8.286456,5.218753,3.5139492
752,8.134239,6.519562,4.6199207
753,11.946108,6.0479226,3.785459
754,6.329681,8.58922,4.8233795
756,11.966598,6.0775294,3.6885393
757,8.293721,6.6046085,4.8768444
758,8.130064,6.646459,4.889249
759,8.259859,7.0338764,4.810807
760,7.832675,6.8894343,4.6465335
761,9.445098,8.226105,4.794774
762,10.888375,9.136551,3.1292322
763,7.7773085,5.994505,3.7919664
764,7.6029105,6.090298,3.623352
765,7.617844,6.1009893,3.753919
766,7.3365226,8.17382,5.302179
767,11.068528,10.167756,3.8178675
768,10.86127,9.904104,3.468917
769,10.823097,9.83656,3.48902
770,10.034782,8.330099,5.2378826
771,10.884995,8.6303835,3.1464977
772,9.804714,6.984838,4.515131
773,10.858315,9.024657,3.2056065
774,11.613047,6.023005,4.5133443
775,11.2914715,9.222158,4.731622
776,11.29671,9.553465,4.52013
777,9.935341,8.332201,5.213161
778,6.2329454,7.419317,3.1831086
779,5.984853,7.3035026,3.4757595
780,10.17804,6.171431,3.8001122
781,6.5264783,7.4855485,2.080766
782,6.5717454,7.4323144,2.0234742
783,9.12944,8.257152,2.2775476
784,10.418704,5.0124493,4.7043877
785,6.627995,9.947392,3.7269723
786,7.523009,9.712596,3.5135295
787,7.4252176,9.549776,3.424806
788,7.138363,8.517932,4.292353
789,9.094378,8.915649,3.0186856
790,6.93897,8.606336,4.1235776
791,7.569035,8.324928,2.7146616
792,6.1185145,10.863051,5.013802
793,7.9595737,8.334005,4.373269
794,6.596492,8.086641,3.727614
795,6.558144,7.9645777,3.7414412
796,6.4490047,8.03485,3.812639
797,7.3341446,9.747481,4.959291
798,10.219789,4.362811,2.9720035
799,10.031326,4.198672,2.7136548
801,9.410171,8.736219,2.022125
802,8.900178,7.7376394,2.7086616
803,9.26615,8.655913,2.0807834
804,9.501254,8.69625,1.9428282
805,9.945056,4.7715344,3.3617787
806,9.969731,6.066959,4.176343
807,10.531885,6.37491,3.7363954
808,7.675329,9.529061,3.5394711
810,10.811288,4.600858,3.778184
811,7.9453254,9.364606,3.8059697
814,6.2677093,10.83336,4.808753
815,10.861646,6.2122107,4.2191143
816,10.687233,5.8384695,2.6548092
817,10.433242,6.6131864,2.2511394
819,10.039489,4.5971637,2.6034763
820,10.779612,5.893231,2.6618402
821,10.09548,4.155793,2.6630027
822,6.4568424,10.53601,4.5035095
824,6.492594,10.541051,4.4677196
825,6.4574795,10.587062,4.5163527
826,5.2783866,11.824434,5.657408
827,5.2552752,11.851031,5.6794405
828,7.7529736,7.372623,5.5007715
829,6.5521603,8.033397,3.99928
830,10.327748,8.384607,3.0824165
831,9.108567,6.5296235,3.1097279
832,7.2846336,7.099069,4.441778
833,6.4381385,6.9518366,2.9596143
834,10.717953,9.155735,2.767963
835,6.4110246,7.868362,3.3569217
836,9.412653,7.2612753,3.8312736
837,10.376356,8.883053,4.505628
838,9.113725,8.24425,2.0769994
839,6.989618,8.264252,3.212332
840,10.41328,6.6333327,2.3106244
841,8.59827,7.6595573,4.6587043
842,6.7807436,7.4848123,3.6046765
843,9.643175,4.3195114,2.9591074
845,9.037489,5.603072,4.4258733
846,7.6628585,6.0063944,3.7053971
847,11.148723,9.670815,3.4173281
848,7.6679935,7.3342705,3.8649616
850,7.4125414,7.1434402,4.0647154
851,7.717361,7.2601123,4.2815623
852,8.0749235,7.0405807,5.060317
853,7.9395237,6.7918234,5.104342
854,7.1794195,7.377401,4.873243
855,5.9678297,7.2749686,3.238465
856,9.884593,8.429504,5.4038367
857,10.981758,8.36792,4.709855
859,11.609828,5.7803845,4.539893
860,11.370191,9.607995,4.388791
861,11.347549,9.336481,4.6961765
862,10.996179,7.4958625,4.4553013
863,6.34536,9.283529,3.3130245
865,9.070283,8.521689,2.293754
866,6.510111,7.424272,2.0442948
867,6.6340632,7.452541,1.9483644
869,10.087885,5.428761,2.4639285
870,7.075127,9.744061,4.8236294
871,10.820734,6.6334047,4.1954904
872,6.6878357,10.489799,4.2229376
873,10.568759,5.9568653,3.7306457
874,11.350982,5.5596304,4.36923
875,9.211242,4.6860876,2.8439267
876,6.1230626,11.114101,5.174626
877,5.9770103,10.702242,5.108621
878,9.402175,3.9697142,2.8160806
879,9.702286,4.3782797,3.027125
880,9.5911455,4.4003105,2.9398088
881,10.535756,4.4077826,3.5962005
883,10.729254,8.6210985,4.5493946
884,9.645111,8.3650675,2.0424109
885,9.96018,8.750941,4.9129715
886,8.418453,6.968026,3.99137
887,10.444105,9.788166,3.2205038
888,7.715838,7.281007,5.8640265
889,8.437598,6.979224,3.6487005
890,10.53456,8.82044,4.609104
891,11.6572275,6.5375624,3.1381721
892,6.847568,8.981195,5.188
893,9.4633875,8.376612,2.7810464
894,8.963979,5.727148,4.498734
895,9.84447,6.918503,4.5130396
898,7.3975487,7.945541,4.7186747
899,10.94561,9.344304,2.8316236
900,10.760871,9.335869,3.1304936
901,6.1119328,11.115436,5.168067
902,8.527529,5.039962,3.3703127
903,8.548934,5.73653,4.3192644
904,8.013566,6.353969,4.7233577
905,8.236495,6.853596,4.7962966
906,11.047249,8.446268,4.9614635
907,10.396043,6.033326,2.3344095
908,10.967014,8.970952,4.643293
909,9.13334,4.846096,2.8444517
911,11.137128,9.985458,3.6829543
912,10.669886,6.3266444,2.341554
913,6.8562217,8.381673,3.1029818
914,11.466573,9.316227,4.759388
915,11.540131,5.77228,4.505096
916,6.472927,7.876567,3.9419599
917,6.480797,7.7876806,2.6017823
918,6.5809627,7.5214252,2.1355264
919,9.940017,5.09985,2.251032
920,9.998451,4.875822,2.6507657
921,10.866433,9.418524,4.425209
922,8.65353,9.025876,2.7774734
923,10.246448,5.1766806,3.44768
925,7.236143,9.629204,5.0085664
926,10.9089775,6.9536,4.820183
927,9.787295,6.501518,4.5561967
928,10.422901,4.7187004,4.1914682
929,10.435895,4.8545914,4.5234065
930,9.948168,5.0447454,2.2540157
931,9.973702,5.1027794,2.2410538
932,10.001672,5.15717,2.2719944
933,10.732526,5.244695,3.3957407
934,10.199445,4.1878424,2.8135645
935,10.555053,5.5168343,3.2983897
936,10.751857,5.3057528,3.3698542
937,10.732996,6.1943398,2.4866805
938,10.625951,5.3172784,3.9269593
939,6.1386967,10.93263,5.0138593
940,10.624873,4.394021,3.6079564
941,9.561313,4.1298614,2.818816
942,5.2399073,11.865085,5.690703
943,5.2612123,11.842051,5.671184
944,10.20203,8.804434,4.237357
945,10.320774,9.300031,4.6110706
946,9.849313,8.766014,4.508715
947,7.695985,7.2719045,5.8700643
948,10.967316,8.443337,4.666713
949,9.258967,6.8726974,3.3293297
950,6.707195,9.19525,3.4808314
951,10.224435,4.3072624,2.6220205
952,9.152799,7.893314,2.48728
954,7.28227,8.450042,4.319922
956,9.395834,8.660494,5.2165804
957,10.733697,8.632171,4.7684045
958,10.690744,7.9796515,4.3386097
959,7.673231,7.263341,5.866452
960,9.230738,6.1724463,3.1480336
961,7.509798,6.810336,4.484349
962,11.545585,5.6902843,4.5474625
963,7.554462,6.130004,4.383634
964,11.3586035,9.203976,4.7456856
965,7.648373,7.085076,4.0559773
966,7.285885,7.0165205,4.347363
967,8.171656,6.8743405,5.117519
968,10.906534,8.651348,3.1600778
969,10.651336,8.836482,3.0854788
970,9.708944,8.98116,2.0518427
971,11.107649,8.192408,4.190079
972,9.916478,8.287298,5.298008
973,9.886937,8.418999,5.395862
974,11.750885,8.789226,4.9820156
975,9.574546,8.972876,2.2310052
976,11.270264,8.722653,4.882682
977,10.868654,9.322964,3.218713
978,11.11975,6.7851334,4.6742063
979,11.051228,7.178469,4.767073
980,11.3869,9.313772,4.4602118
981,11.123339,7.835785,4.751519
982,7.2193904,9.698957,3.9993432
983,6.2829423,7.7583103,2.4636538
984,10.54833,6.813288,3.8103988
985,5.9343452,7.394549,3.1566885
986,6.3948555,7.1364202,2.5999048
987,9.65802,8.920458,1.832348
988,9.37183,8.925841,2.3258
989,10.4163885,5.2026887,4.446339
990,10.824116,5.7236676,2.8692725
991,10.732319,5.1041527,3.5499349
992,10.350779,5.2008343,4.456136
993,9.879748,5.1521683,2.2720187
994,10.636863,4.6718707,3.6211598
995,10.015983,5.174909,2.4206583
996,10.75711,4.647646,3.6459537
997,6.2831864,10.816084,4.799551
998,10.705633,4.443334,3.628811
999,6.160774,10.979767,5.0388136
1000,10.866839,5.0517983,4.9858165
1001,10.429362,4.817465,4.403521
1002,9.392475,3.9705381,2.828589
1003,10.750081,6.2103205,2.4998918
1004,10.708773,8.836402,3.2489562
1005,10.673209,9.488956,3.7670116
1006,11.481575,9.085779,4.4101233
1007,11.152897,9.179482,4.7582145
1008,9.413739,8.664283,2.0267034
1009,8.416666,5.140052,3.4542203
1010,9.44695,8.672337,5.278461
1011,7.1492805,8.523993,4.293155
1012,9.855906,8.270149,5.3580203
1013,6.265143,7.729603,2.4768815
1014,10.833817,7.1710324,4.8284197
1015,8.174202,7.358714,4.446779
1016,8.187778,7.0693326,4.743267
1017,8.967128,7.377448,3.4242785
1018,10.829272,6.066365,2.6438968
1019,11.109071,7.5349264,4.862231
1020,7.226916,8.201055,5.1257195
1021,9.059123,8.842776,2.2610233
1022,7.0661592,7.8370824,5.169428
1023,11.190325,7.872829,4.936956
1024,10.364392,5.5440326,4.439266
1025,6.0200353,10.823766,5.100152
1026,9.40273,8.778109,2.038383
1027,11.609432,6.476385,4.398142
1028,6.838492,8.577519,4.2748504
1029,10.0244,5.337294,2.1225016
1031,11.783133,6.279521,4.223927
1032,6.460685,10.359046,4.605391
1033,10.608334,6.3495636,2.2893188
1034,11.813496,5.747588,3.924249
1035,11.0101595,9.019631,4.413485
1037,10.885867,5.2863874,4.860537
1038,10.74952,8.621165,2.8986661
1039,8.9827,7.1404424,3.4964118
1041,6.282999,8.160919,3.8876004
1042,9.82973,8.49008,5.471825
1043,10.915266,9.3321905,2.7515135
1044,10.950374,9.34711,2.8686874
1045,11.156849,7.4410415,4.8745446
1046,10.407058,6.6800065,4.756021
1047,10.268954,4.3363757,2.6497793
1048,11.079909,8.616508,4.791396
1049,7.258727,8.566952,3.266204
1050,11.10546,9.969208,3.6704628
1052,11.492791,9.580403,4.8286414
1053,11.138823,7.8298864,4.786236
1054,7.4982185,7.1429615,4.209093
1055,8.290008,5.6040373,3.652162
1056,8.997523,8.244036,2.0665927
1057,6.5443454,9.4639435,3.2726374
1058,8.781214,8.480852,2.5069482
1059,10.1764,4.7773757,4.6744027
1060,8.748583,9.051434,2.7789197
1061,10.006052,5.5658984,4.469623
1063,10.925841,5.694415,4.1523733
1064,6.638154,8.467373,3.3771942
1065,11.263146,5.692849,4.2114983
1066,10.717772,4.5097075,3.6622906
1067,11.163236,5.2896457,4.473288
1068,10.607189,5.2208095,3.5550094
1069,11.185653,5.457979,4.2653427
1071,7.1375833,10.248941,3.8873506
1072,10.070451,4.8978977,3.9548519
1073,10.4667,4.7797003,4.5110307
1074,10.469871,4.815145,4.568609
1075,10.577205,5.4581065,4.012093
1076,6.0064383,10.697279,5.0877824
1077,9.77645,4.3623223,2.663167
1078,8.975894,5.78854,4.2882423
1079,9.1006155,8.579981,2.3086333
1082,5.2302055,11.874398,5.702019
1083,9.56487,8.520774,2.0225174
1084,8.443391,5.106322,3.4213216
1085,11.618993,6.5402155,4.590453
1086,6.243255,8.142888,3.9063036
1087,7.4753513,7.8075824,3.7294776
1088,6.364998,10.764458,4.7052383
1091,6.721172,8.652308,4.977829
1092,8.37645,6.675304,4.9628386
1094,7.4386573,6.797589,4.4796004
1095,11.26105,8.691712,4.934953
1096,9.321584,8.859908,2.3069715
1097,7.0270634,7.5538216,4.7155643
1098,6.912166,8.484527,3.321426
1099,7.0174875,8.371542,3.118939
1100,10.873294,9.363715,2.7051797
1101,11.108838,9.184593,4.118109
1102,10.16491,6.3472404,3.9149325
1103,10.834532,8.738833,3.2017004
1104,11.167312,10.199436,3.6463916
1105,11.087178,10.002935,3.494339
1106,10.591772,5.8779936,3.9712842
1107,7.7743583,6.6636863,4.536773
1108,7.543575,9.260339,4.166868
1109,10.5892935,5.88108,3.8117926
1110,7.518299,7.0694757,4.690208
1111,8.230577,6.791239,5.0765386
1112,8.55393,8.219452,3.8797803
1113,8.530369,7.8658752,3.8464613
1114,7.0598197,8.616766,5.2473216
1115,7.734343,6.7103157,4.655096
1116,10.661325,9.781064,3.4654498
1117,11.318679,9.496108,4.567199
1118,6.4035935,8.506669,2.9735096
1119,6.1883316,11.020192,5.082526
1120,6.50152,10.250561,4.469512
1121,10.570944,9.413623,4.518039
1122,9.939395,8.341001,5.377251
1123,9.97844,8.332747,5.2902913
1124,5.942037,8.768046,2.9498255
1125,5.967348,8.770787,2.9341464
1126,5.944174,8.778063,2.9649332
1127,9.843563,5.646377,4.4782467
1128,11.209614,7.8993154,4.976356
1129,11.249509,7.5086203,4.8706245
1130,11.892375,8.649925,5.0271
1131,11.150689,7.883188,4.9658775
1133,10.390152,5.2163863,4.4611816
1134,9.564255,8.493246,2.0153182
1135,10.5251465,5.1018524,4.723544
1136,10.805473,4.9858046,5.019576
1137,10.722883,4.856581,4.8496
1138,10.741271,4.906352,4.9572315
1139,10.690968,4.8139486,4.9477744
1140,10.714804,4.8604436,4.964625
1141,8.01275,9.650123,3.331743
1142,6.486853,10.250949,4.5474076
1143,6.5729403,9.965157,3.8594208
1145,6.3478565,10.194688,4.8386993
1146,10.498794,6.062884,3.6474907
1147,10.475442,4.9293814,4.3101654
1149,10.189625,5.407209,2.5377438
1150,10.169693,4.664665,2.9990246
1151,11.234652,5.104646,4.174415
1152,10.79715,5.2250776,3.446724
1153,9.863578,6.2023396,4.6282845
1154,10.711097,6.0502872,2.6580765
1155,5.9494767,10.757358,5.145829
1156,11.275911,5.379663,4.4616923
1157,10.753293,5.816592,3.8887687
1159,6.474538,10.550605,4.5168715
1160,10.543167,6.4640975,2.289834
1161,11.119573,5.3973284,4.220893
1162,10.590958,5.2250757,3.929478
1163,10.566735,5.1953897,3.8067772
1164,9.657331,4.2856436,2.9417334
1165,10.589777,4.371328,3.5015876
1166,10.475458,4.4446054,3.833893
1167,10.604723,4.3917327,3.562696
1169,5.254308,11.851641,5.68069
1170,10.458409,6.7094617,2.3555171
1171,11.839059,8.684489,5.0302033
1172,9.53506,4.4882736,3.0994635
1173,10.224613,5.0811744,4.398889
1175,9.800509,8.489851,4.973315
1176,9.854644,8.453422,5.2444463
1178,8.676469,5.527028,2.5185082
1179,9.896792,8.90944,2.745955
1180,7.0617433,9.6335535,4.1699247
1181,7.773582,9.076471,3.5761375
1182,7.6575966,7.352277,4.2316427
1183,9.181157,8.840535,2.992503
1184,8.234781,6.0603185,4.528402
1185,10.645106,9.675896,3.6100085
1186,6.4973545,8.554353,5.14116
1188,7.5271316,8.279606,4.126735
1189,10.705682,9.357355,3.1395714
1192,9.059491,9.375236,4.034938
1194,6.446009,8.911084,4.9843907
1195,8.795044,5.486252,2.5242488
1196,9.435502,5.6238055,3.6106815
1198,10.894654,8.5909605,3.2145755
1199,10.753054,8.689324,3.0078773
1200,10.850299,8.548845,3.1443071
1202,9.673076,8.913833,2.1663222
1203,10.691967,4.766924,4.960111
1204,8.5742,8.702571,3.8533254
1205,9.024107,4.9391065,2.7708027
1207,11.224911,7.985185,5.00531
1208,8.762331,8.765284,4.3841977
1209,8.264415,6.640648,4.0245795
1210,7.697657,8.761175,3.0644507
1211,7.1528625,7.2463555,4.7008595
1212,7.147618,7.6020603,1.201876
1213,7.131567,7.529017,1.1877034
1217,6.757493,8.35218,5.073469
1219,10.133896,6.3067656,3.9773426
1220,6.8750668,8.029454,5.1415825
1221,9.130275,8.071519,2.7362316
1222,7.5739985,7.6501846,3.7602022
1223,7.63759,6.0227847,4.2331696
1224,11.132477,10.23733,3.7283196
1225,11.111459,10.022967,3.5392585
1227,6.440147,7.965109,2.7719054
1228,10.114297,5.046036,3.8679595
1229,6.6029515,8.403483,3.166925
1230,8.665907,5.545856,2.6199653
1232,6.651384,9.158917,5.0681605
1234,11.273229,7.7302637,4.9784794
1235,10.337829,6.6511984,4.7769246
1236,10.512358,5.0745983,4.6752777
1237,11.104924,7.7746434,4.7689476
1238,8.045229,8.216219,4.407503
1239,10.911645,9.050208,3.2542896
1241,11.86578,8.638836,5.0309033
1242,11.017983,7.584689,5.0409794
1243,11.96077,8.676199,4.8797493
1244,10.927465,7.3910193,4.970389
1245,10.755548,7.4130063,4.903825
1246,9.045539,8.632716,2.3412251
1247,8.6872015,8.576715,2.5160704
1248,6.424021,9.450955,3.2929134
1249,6.172742,10.526122,4.9477673
1250,9.473871,8.59383,2.0278218
1251,10.172245,4.2731643,2.7432835
1252,9.73917,4.2505155,2.8533177
1254,6.1358414,11.164825,5.1845675
1256,10.473428,5.8883305,3.9639099
1257,9.764503,5.315376,2.3643427
1259,11.324432,5.054504,4.01375
1260,10.615871,6.3166604,2.3365157
1261,10.375195,4.2951126,3.300082
1263,10.594618,4.391759,3.5697415
1264,10.594546,4.459107,3.655337
1265,9.555039,4.411414,2.9169745
1266,9.6883745,4.311391,2.7268503
1268,6.778332,10.4607115,4.147
1269,9.495664,8.652968,5.2511396
1270,10.150024,6.9046326,2.3969016
1272,8.484496,7.2250113,4.203393
1273,9.480228,9.32764,3.5681424
1274,6.1458197,8.149761,4.0075192
1275,6.1843247,8.169976,3.9574387
1276,8.824545,7.0451207,4.22925
1278,7.2378583,9.440486,4.4108086
1279,9.46619,8.195585,2.190898
1280,8.068533,6.842977,3.9042068
1281,6.938381,7.48846,1.463952
1282,7.8622346,8.583834,2.4253669
1284,6.674106,8.300917,5.172802
1285,6.495034,8.601643,4.583795
1286,9.6968565,7.4415383,3.8866413
1287,10.6282015,9.9740505,3.5716338
1288,10.876148,9.173033,3.1125834
1289,7.139312,7.5800695,1.1734108
1291,6.499562,7.860046,2.4401178
1294,7.06388,8.663295,4.188423
1295,6.985947,8.947011,4.0408993
1296,9.101773,8.085352,2.636263
1297,9.1031475,8.060729,2.664179
1298,9.673448,5.5056324,4.295059
1299,7.473265,9.100587,3.5400803
1300,8.158381,7.287499,4.588574
1301,6.6509657,9.26035,3.832252
1302,8.832943,7.241361,3.6471074
1303,8.9392605,7.528599,3.0649583
1304,8.419253,7.3326483,4.276905
1305,7.252805,6.3552723,4.0322695
1306,8.125695,6.791951,5.0763607
1307,9.862579,7.207521,4.0267425
1308,11.087483,8.843414,3.507319
1309,6.2410846,8.420578,4.5532627
1310,11.30178,9.176184,4.715327
1311,8.647049,5.6854453,2.452356
1312,11.120846,10.106356,3.8002315
1313,11.922659,8.684759,4.8252516
1314,6.776099,7.759595,4.4428906
1315,8.617461,5.577585,2.6805582
1316,8.597425,5.5339327,2.8088703
1317,8.224788,6.6492095,4.625199
1318,7.0182166,8.440028,3.291865
1319,8.088898,5.9693484,3.6888866
1320,6.54525,7.9490337,3.1552503
1321,6.279349,7.650364,3.8227956
1323,11.864743,5.7866735,3.904464
1324,7.4037666,6.1584725,3.6802619
1325,10.08774,4.315762,2.8917675
1326,7.450754,9.601009,4.9309874
1328,6.8136935,8.049636,5.1447854
1329,12.011691,6.1077933,3.6521719
1330,10.388512,6.7006164,3.7526839
1331,6.6007767,8.482429,3.3345516
1332,7.8314934,8.324913,4.3527417
1333,11.982173,6.0472493,3.6878736
1334,9.02047,9.19309,3.4860451
1335,10.506578,4.613073,4.0093484
1336,8.321532,8.751347,3.7197244
1337,6.551322,9.916123,3.672218
1338,6.46014,8.870634,3.4511125
1339,8.929255,8.258951,2.6721795
1340,9.440089,8.5110855,2.0683758
1341,6.500744,9.679643,3.5420256
1342,11.411897,5.487666,4.3831954
1343,10.511866,4.5990686,3.9897583
1344,11.646177,5.814308,4.515674
1345,11.623997,6.6088076,4.5886784
1346,10.282988,5.111629,2.8256888
1349,11.469441,5.663319,4.101979
1350,9.540492,4.2343903,2.9050925
1352,6.4663897,10.375473,4.546411
1353,10.58647,5.151039,4.535245
1354,11.661613,5.473416,4.045553
1355,9.616644,4.3674865,2.8444746
1356,10.104608,4.060809,2.6594813
1357,10.159411,4.0050054,2.8994195
1358,9.972737,4.4903207,2.686002
1359,9.712394,4.2020316,2.643269
1360,6.379428,10.690298,4.6597214
1361,5.2237153,11.882362,5.7079654
1362,7.5787373,6.082687,3.5478065
1363,10.242404,9.069691,4.0817056
1364,6.4878287,8.23117,3.798555
1365,9.502898,8.585239,1.9969409
1366,7.787989,7.218779,3.1910002
1368,9.089779,6.778755,3.6746082
1369,9.646289,4.4416857,3.0315576
1370,10.899781,9.7373705,3.8969014
1371,9.850519,8.875375,2.6805823
1372,9.629168,7.4557776,3.856885
1373,9.435956,7.308621,3.8117964
1374,9.149487,7.084108,3.4818194
1375,11.28747,7.3086195,4.5339894
1376,6.3259435,7.779693,2.4327686
1378,7.1234374,7.555506,1.1678195
1379,10.539486,4.8322997,4.517742
1381,7.655134,7.181455,5.647088
1382,7.2201867,7.0727324,4.409983
1383,7.405357,6.2518535,3.94473
1384,9.899436,6.300143,4.6574755
1385,6.7713075,8.006406,5.021636
1387,7.255552,8.381239,4.1574106
1388,8.306058,6.9995437,4.749067
1389,10.40301,5.6612163,3.9757962
1390,6.747653,9.325078,4.5048633
1391,10.493015,5.3406925,4.9373856
1392,10.662324,9.617925,3.1892853
1393,11.052984,9.406848,3.2467802
1394,8.205038,9.534704,3.2964668
1395,7.4080553,7.050635,3.3428993
1397,10.741284,9.88542,3.47544
1398,11.109242,10.0002,3.5940616
1399,11.52097,5.438813,4.3156986
1400,11.14048,10.0036545,3.667658
1401,11.099274,9.985655,3.5105197
1403,11.626456,6.446806,4.519549
1404,11.305581,7.0228214,4.5841045
1405,6.7355976,8.32476,3.1079524
1406,7.7855134,7.3298144,4.3282394
1407,7.983182,6.3337817,3.8217251
1408,8.09968,6.6502347,4.987754
1409,10.269037,5.11599,3.642976
1410,11.144505,7.8704195,4.733281
1412,11.461547,9.537321,4.7350035
1413,10.848463,8.665257,3.0387585
1415,9.51856,4.0681314,2.9707975
1416,9.03036,5.694843,4.558172
1417,8.970971,5.7201357,4.4681635
1418,8.503159,5.7435837,4.154899
1419,8.58889,5.6192193,4.236104
1420,8.840115,5.7229977,4.4313917
1421,9.904296,5.0932107,2.3110156
1422,11.5665045,5.422547,4.3277254
1423,6.673546,7.567518,3.6477613
1428,7.0331593,8.549373,4.072771
1429,9.080827,4.8152676,2.8059535
1430,10.768742,5.008535,4.9785843
1432,6.701736,10.468282,4.0849085
1433,10.816839,7.685596,4.855304
1435,10.280457,4.4652133,3.1706114
1438,10.709912,6.2018375,2.7346187
1439,6.769835,8.753233,5.417288
1440,7.1021385,8.444881,3.672246
1441,10.859931,7.55855,4.967043
1442,11.150095,8.360539,4.9925036
1443,10.528873,8.6955805,4.43631
1445,11.656797,5.7544327,4.5184145
1446,6.6086035,8.992779,5.0854893
1447,10.908725,7.2526116,4.9056745
1448,10.974986,7.7289505,4.929132
1451,9.9312315,8.38511,5.3959613
1452,10.016845,8.363911,5.3705735
1453,9.976961,8.323532,5.264691
1454,10.827915,6.595668,4.192698
1455,6.1946793,10.497547,4.9790134
1456,6.339974,9.265343,3.213185
1457,10.508676,5.0238028,4.3028603
1458,6.448619,9.511797,3.384512
1459,10.700892,5.8303347,3.9267104
1460,11.188403,5.1971726,4.5104
1461,10.208604,4.3502564,3.1792467
1463,10.483375,4.830926,4.432436
1464,11.629071,5.797101,4.5474076
1465,10.7498255,5.3377037,3.3699844
1466,11.27842,5.5042634,4.392824
1467,11.5780325,6.4181304,4.5955424
1468,6.4184833,10.908628,5.234855
1469,6.194911,11.012729,5.091139
1470,10.366461,4.8773766,4.377978
1471,10.635523,4.831582,4.535064
1472,7.275175,9.670107,4.9711313
1474,9.180574,4.788913,2.7958083
1475,9.954799,4.5026917,2.6502843
1476,5.980115,10.752764,5.1315694
1477,10.133498,4.2819157,2.9119804
1478,10.213559,4.35074,3.114388
1481,5.2501097,11.85669,5.683861
1483,6.9025455,6.365158,4.641238
1486,10.260549,6.5511646,3.9430912
1488,7.895055,7.231034,3.87583
1489,9.755084,4.548593,3.6550052
1490,6.1710963,8.2449465,4.0724654
1492,9.682029,8.567587,5.4174886
1493,9.651722,8.5510235,5.368018
1494,10.237974,9.038855,3.9752753
1495,9.109466,6.9412193,3.4557664
1496,10.343949,5.455768,4.4055734
1498,11.914462,6.472909,3.4451852
1500,8.100556,5.6875362,4.01296
1501,8.090254,5.958008,4.153817
1502,11.3192625,7.948824,4.109808
1504,8.952411,8.286542,3.4586618
1505,9.764067,4.3152003,3.0430868
1506,7.70602,7.6462064,4.732203
1507,11.122898,7.5467415,4.9172006
1509,6.464627,8.604002,5.095859
1511,7.39831,9.538886,3.4733691
1512,8.644186,5.6623855,2.6197994
1514,9.713421,7.692948,3.5760398
1516,10.4943695,8.276619,3.3173661
1517,9.671582,7.64293,3.556572
1518,10.768671,5.3460965,3.3321722
1519,8.417448,5.640168,4.299768
1520,7.2542844,9.608757,5.0295916
1521,7.156555,8.126357,3.5645037
1522,8.860363,8.269785,2.7908015
1523,7.3007336,9.465011,4.3722887
1524,8.109956,5.7578974,3.9173617
1525,7.2325783,9.6038685,5.022778
1526,6.701231,9.113508,4.741135
1527,11.081821,5.771099,4.161923
1528,6.454302,7.9060645,3.9258347
1529,7.74296,5.9706903,4.330498
1530,6.00649,8.087832,3.314779
1531,10.097526,5.5283113,4.5068502
1532,10.764711,5.1946187,3.737001
1533,10.764141,9.840495,3.5324125
1535,11.006116,9.237861,3.2862961
1537,6.4084287,9.499968,5.0729213
1538,10.253472,8.624393,2.4285958
1539,11.15937,9.775309,3.7053792
1540,8.621745,5.5205617,2.6326213
1541,11.499984,9.608098,4.8018403
1543,7.938317,6.4454193,4.694065
1544,7.6026335,8.316167,4.4000998
1545,10.691295,6.027544,3.3907251
1546,10.769466,5.0579762,3.6419215
1547,10.611268,8.174498,3.2447374
1548,10.964653,8.330713,3.3514507
1549,11.094781,8.559001,3.528295
1550,9.105161,5.848951,4.560989
1551,9.397676,3.9717014,2.8279018
1552,9.388235,3.9618087,2.8068964
1553,10.471146,6.6529894,3.690274
1554,10.984092,7.9124928,4.499885
1555,9.400622,7.0076675,4.2364798
1557,10.223215,9.462148,4.596424
1558,6.4718647,8.61515,5.200358
1559,6.9267178,7.911873,5.0122495
1560,6.7393436,8.739828,5.416127
1561,9.513141,9.004725,2.5558538
1562,11.341322,5.451957,4.643933
1564,6.5809135,9.9072695,3.6818411
1565,10.637358,4.791435,4.7566423
1567,11.959019,6.170722,3.5952551
1569,9.734282,4.6974425,3.513319
1571,6.4765506,7.330169,2.2349818
1573,9.230573,8.6148405,2.1033762
1574,6.344125,7.017768,2.9803696
1575,6.4166694,6.948686,2.928805
1577,7.1484537,9.644554,4.8160567
1578,9.836374,6.4748178,4.509401
1581,10.444788,6.80025,4.811612
1582,11.415366,5.2491083,3.953537
1583,6.530992,9.965217,3.7478807
1584,10.778377,5.1697693,3.5735166
1585,10.825244,5.734883,2.9254525
1586,7.04897,10.244718,3.8981702
1587,6.544342,9.490401,3.315788
1588,5.926916,10.714031,5.142247
1589,10.749055,5.327155,3.3788905
1590,9.616278,5.9270153,3.6761246
1591,10.602141,4.8131256,4.5088625
1592,10.609912,4.3735933,3.6171951
1593,9.910255,4.741376,2.4621117
1595,10.014457,4.209041,2.6767464
1596,9.465442,4.06828,2.6061797
1597,8.228554,6.0894647,4.484832
1600,9.075102,8.010201,2.5934343
1601,6.732796,8.212784,2.6471353
1602,10.914693,9.332728,2.745214
1603,10.828338,9.58218,4.160782
1604,8.820489,8.567247,4.4562073
1606,9.5764065,5.8659472,4.449625
1607,11.635842,5.6483045,4.1338534
1609,7.980412,6.988445,3.9914618
1611,9.283836,7.0785966,3.3161821
1612,11.558452,8.972454,4.38955
1613,10.606014,8.890506,4.4446497
1614,11.330066,5.5173206,4.502901
1616,9.54944,4.92016,3.4892943
1617,7.1924367,7.671052,1.3021883
1618,7.239299,8.520594,3.3161948
1619,7.659317,7.1941295,5.362682
1620,7.432393,7.186163,4.3529315
1621,8.176681,6.569378,4.775448
1622,8.381468,7.1849127,2.6926184
1623,9.645783,7.7033,3.591324
1626,7.2610474,9.2086525,5.142473
1627,7.273613,6.3475003,3.3975654
1629,11.79317,8.606393,5.0234566
1630,11.242253,9.664513,4.010321
1631,11.210702,9.556826,4.029549
1633,11.050905,9.980527,3.5350711
1634,8.787448,5.206871,2.7696166
1635,8.591394,5.949729,4.5416903
1636,7.6552563,7.7098866,4.7842073
1639,11.71463,6.4396267,4.4075646
1640,5.9561234,7.513753,3.5160902
1642,6.913919,7.3433037,3.5434
1643,10.216998,4.3098764,2.600716
1644,7.852109,7.6689496,3.8733127
1645,7.8141727,5.618243,3.9079175
1646,11.192169,8.631456,4.930948
1647,7.8246827,7.070778,4.326761
1648,8.971309,4.7749076,3.1607556
1649,10.670867,4.6612525,4.084199
1650,6.5526905,7.4799,2.0470245
1651,7.212109,8.977314,4.377626
1652,8.722987,5.46413,2.4957445
1653,10.1856575,9.022605,3.7030528
1654,9.75437,8.998909,1.9348531
1655,7.5043936,7.572497,4.385035
1656,8.378792,8.72696,3.7338922
1657,10.595405,6.6166306,2.388006
1658,7.0381365,7.880955,5.2375417
1659,7.0089917,7.951865,5.1766686
1660,10.800976,5.770597,2.8754604
1661,8.498551,5.9206777,4.49517
1663,10.851908,8.580631,3.1830087
1664,6.9906983,7.9194655,5.1395297
1665,9.642794,8.921024,1.8365014
1666,10.682311,7.617976,4.8869104
1667,11.017624,8.550826,3.5328743
1668,9.402452,8.671078,2.0102518
1669,9.532099,8.634875,1.9513063
1670,9.787298,4.6838408,3.279631
1672,9.689794,6.721365,3.252967
1673,5.9622774,8.747659,3.0243142
1674,6.5338993,8.425603,2.9729345
1676,9.606543,8.889194,1.9335171
1677,6.624261,9.179753,3.4651842
1678,6.1450524,7.7939,3.1089308
1679,6.01934,8.71615,3.0584102
1680,8.655958,5.5639954,2.733026
1681,6.179951,9.168799,3.167925
1682,8.2997,5.5969505,3.9427454
1683,6.574199,9.868538,3.6519165
1684,6.7157555,6.9166846,3.2239025
1685,9.546037,4.361323,2.5240476
1686,6.445448,7.2329936,2.3008554
1687,6.481052,7.4732523,2.109349
1688,9.625191,4.3156824,2.879976
1689,6.362277,10.1255865,4.8653064
1690,6.378452,10.259531,4.743079
1691,7.1618237,8.549352,4.4434404
1696,6.2184067,10.891062,4.912439
1697,10.8068075,5.167516,3.5799952
1698,10.709995,4.562363,3.5921729
1700,6.034231,10.804018,5.090647
1701,10.721657,5.121741,3.7060463
1702,10.429608,5.5657,3.29971
1703,9.909122,5.1073356,2.285171
1704,9.738775,4.43369,2.6421282
1705,10.654999,6.3921266,2.3613727
1706,10.573414,6.507377,2.2766757
1707,6.6630173,10.53137,4.2570605
1708,10.242567,4.3624473,2.909243
1709,6.572933,9.978668,3.7670531
1710,10.298986,4.093514,2.9225142
1711,9.644684,4.327711,2.8950222
1712,10.2025175,4.182573,2.9459088
1713,11.29449,8.934115,4.8173904
1714,6.8151445,8.342703,2.5378463
1715,8.212289,6.1355977,4.63949
1716,6.961749,6.406637,4.6017714
1717,7.5727887,7.368725,5.7010136
1718,9.387866,8.885653,2.478865
1719,7.385192,7.332543,3.8077216
1720,10.31504,6.5190434,3.9951675
1721,11.060634,8.881948,4.7004743
1722,5.9381104,8.785391,2.9866576
1724,9.403522,8.630195,5.085016
1725,9.8077545,6.802325,3.227207
1726,7.389235,7.4587836,4.503487
1727,8.960992,7.0463,3.618434
1728,7.375654,9.835256,4.1983757
1729,7.6872096,7.26831,5.865248
1730,7.450632,7.9840703,4.5708833
1731,10.838073,6.5692887,4.180037
1732,7.5564885,7.4419656,4.759133
1733,10.741203,8.555236,3.019525
1734,9.618285,4.3764725,3.1038702
1735,10.319216,5.7154865,3.9732194
1736,6.6509056,8.000148,3.101421
1737,9.710625,7.9997544,4.730799
1739,10.34589,6.8975763,4.0136666
1740,6.3751044,7.9922724,3.806154
1741,9.711617,8.599633,5.410773
1742,8.5226965,8.819054,4.166642
1743,8.248119,5.2368484,3.558296
1744,6.7356896,9.121925,4.813694
1745,6.583753,7.633713,2.2058542
1746,10.455629,4.68646,3.6535714
1748,8.909563,7.224259,3.4381595
1749,7.3168745,6.382251,3.517443
1750,10.849628,9.86975,3.507948
1752,7.3148484,7.3306165,4.812855
1753,11.059417,9.89011,3.4029086
1754,7.4348693,6.168363,3.8019068
1756,6.239474,8.752804,3.042979
1757,7.8930573,5.7907586,3.842746
1758,7.9622846,9.44674,3.6938682
1760,8.209108,6.7227597,5.1082006
1762,8.218182,5.933526,3.6722765
1763,9.478375,8.940251,2.6430585
1764,9.376364,9.004821,2.7045178
1767,9.731928,8.86111,1.8729755
1768,6.5249596,7.245098,2.2198124
1769,7.497699,6.2256827,3.7119198
1770,7.817708,5.9977646,3.7364476
1771,8.244138,8.786719,3.772861
1772,10.698786,8.644062,2.804221
1773,9.739556,6.193129,4.569954
1775,9.904146,8.408343,5.397711
1778,9.86061,7.4592376,4.2207685
1779,10.611772,4.7071915,4.476331
1780,6.120461,11.031158,5.0509405
1781,6.012986,10.806804,5.1044574
1782,6.0519147,10.780352,5.042384
1783,8.583658,5.5276337,2.730024
1784,6.397329,10.659465,4.626956
1785,10.403508,5.217667,4.3877063
1786,10.156982,4.255436,2.5871966
1787,10.20841,4.862653,4.2958965
1788,10.259784,5.066578,2.7438028
1789,11.384948,5.449385,4.290111
1790,10.613442,4.4552135,3.6504555
1791,11.468407,5.4737267,4.3150735
1792,10.696194,4.4234695,3.6123588
1794,9.693087,4.2342687,2.8550134
1795,11.224278,8.07655,4.9605784
1796,6.2041373,8.398507,4.320762
1798,5.241985,11.870717,5.6869802
1799,7.0563025,6.269093,4.618087
1801,6.1323442,8.232571,4.0757403
1804,9.108039,6.055497,3.7329736
1806,10.332962,6.718475,2.3558502
1807,7.7434616,8.85976,4.2207155
1808,9.561167,8.470654,5.569097
1810,10.789788,8.628944,3.073589
1811,9.887145,5.9723444,4.1862464
1812,8.220462,8.738404,3.9162214
1814,10.741707,8.601874,3.1919365
1816,9.824323,7.0504527,4.527869
1817,11.697113,8.502708,4.3099475
1818,7.213238,8.634826,3.4060473
1819,8.1217,7.594482,2.8736548
1820,8.185739,5.789971,3.41081
1821,7.1309414,8.837605,4.537975
1823,9.655583,8.51587,5.357895
1826,9.676721,7.5804677,3.6637077
1829,8.349695,7.3798904,4.8236203
1830,8.379128,8.795028,3.714272
1831,7.186923,8.442657,3.2203357
1832,9.171932,4.788284,2.8463953
1833,6.957952,6.7950106,3.4404356
1834,9.740275,4.4469366,3.1385195
1836,7.2934484,9.818853,4.960628
1837,8.99835,8.114191,2.7121742
1838,9.584194,8.47955,2.0364056
1839,10.734763,4.977392,4.901622
1840,8.674663,7.995297,3.6258724
1841,8.609516,7.8248935,4.000773
1842,7.687184,7.414386,4.8389263
1843,7.49494,7.6595535,3.8127923
1844,8.267159,8.11639,4.384221
1845,8.260686,5.616148,3.9010994
1846,10.790512,9.020806,3.1261854
1848,10.848391,8.633013,3.2113404
1849,7.0500975,9.964581,4.129037
1850,7.218598,9.645746,3.3866827
1851,6.5200253,8.5247135,5.1967406
1852,7.1604314,8.716529,3.3882158
1853,8.63748,5.70653,4.3251824
1855,7.4578133,7.4487376,3.7805417
1857,9.442825,4.8576717,2.7805736
1858,7.1260533,7.520428,1.1601716
1860,8.991038,4.8347154,2.9132848
1861,8.388005,5.4923663,3.2203038
1863,10.718529,9.841237,3.5099413
1864,7.150926,7.6048584,1.2132593
1867,8.783109,9.059003,2.8526838
1868,9.496477,8.846285,1.9090216
1869,10.8068905,6.6431503,4.1523376
1870,7.3410263,6.307547,3.71778
1874,8.584829,5.5538907,2.6937172
1875,8.217004,8.766377,3.7761297
1876,9.897326,6.2997355,4.213554
1877,10.740955,8.5839815,4.6276793
1878,9.943607,4.1643186,2.7737308
1879,11.157987,7.812654,4.9943976
1880,6.8358903,10.013045,4.172593
1881,6.2539954,10.392086,4.918363
1884,8.57219,5.536417,2.678299
1885,11.994434,6.083863,3.6710756
1887,10.956082,5.943954,3.6849468
1890,10.570754,6.5723004,2.303844
1891,9.365588,8.785528,2.0235603
1892,10.045169,5.1439786,4.1631775
1894,10.68645,9.588105,3.1874695
1895,6.6108537,8.432695,4.6238785
1896,8.06785,6.76854,4.681546
1897,9.196881,6.2168384,3.7157805
1898,11.937521,8.689,5.004267
1899,6.7479296,8.317562,2.5802357
1900,7.658023,6.1113176,3.7132983
1901,7.576304,6.7512016,4.230827
1902,7.1089525,8.661608,4.3613644
1903,11.925389,6.516937,3.4359717
1906,10.555466,8.635934,2.6503344
1907,7.116034,9.590123,4.781515
1908,7.233576,8.684911,3.341476
1913,7.166519,8.775989,3.377225
1914,9.672712,5.68292,4.49466
1915,10.329196,6.4406395,4.017364
1916,8.745346,9.090526,2.7510653
1917,7.5612216,7.8709526,4.8363886
1918,7.3358674,8.611441,3.237762
1919,8.432507,8.685017,3.6998646
1920,11.12426,10.195929,3.6932852
1921,11.373938,8.929665,4.8455586
1922,11.120358,9.88621,3.5098593
1923,6.5324836,8.536158,5.1966586
1924,7.193649,8.557804,4.5707946
1925,11.962754,8.690423,5.0022826
1926,9.135752,6.3561363,3.1564672
1927,8.770385,5.1643286,2.7753322
1928,8.592835,5.5736494,2.6648278
1929,10.814071,4.9527097,4.7291636
1930,7.1343007,9.2644205,4.3246365
1931,6.4532833,7.4250484,2.2052956
1932,7.084889,8.804344,3.6065865
1934,6.5712585,8.454883,2.9017613
1935,7.455577,7.2895317,4.1001654
1936,6.8185763,7.4744053,3.6230173
1937,7.209374,7.331239,3.7348726
1939,7.1658497,7.6093163,1.1778563
1940,7.791632,8.541186,2.237734
1941,10.942637,8.873687,3.086642
1943,7.358264,9.693369,3.8724375
1944,8.156232,5.9161654,3.64651
1945,11.33132,7.6850433,4.1653824
1946,9.396053,3.9686437,2.8374116
1947,6.6466203,9.146957,4.6749516
1948,8.71167,5.708019,4.3401713
1949,7.3819127,6.2007546,3.4273868
1950,9.463477,5.698345,4.503138
1951,10.00184,4.2329855,3.10169
1953,9.943346,5.736201,3.9986436
1954,7.932593,9.222085,4.0749974
1955,7.931878,8.34506,4.3756886
1957,6.929323,10.368079,3.9221997
1958,9.958623,6.3405476,4.2824225
1959,11.862995,6.45142,3.3170774
1960,8.453358,8.597787,3.5045335
1961,6.5030384,7.11725,2.475075
1962,10.661912,4.423386,3.716469
1963,6.469235,8.021031,3.1995158
1964,8.933948,5.709514,4.4245896
1965,11.029631,5.097044,4.456109
1967,6.0694633,10.921905,5.036784
1968,10.915527,7.63456,4.926856
1969,9.6656475,6.8376927,4.4221177
1971,10.884152,7.6727505,4.9106693
1972,6.4269257,9.555667,3.3494961
1973,10.485849,6.659195,2.2510147
1974,5.922653,10.727083,5.173509
1975,11.5752945,5.559092,4.213086
1977,10.210489,4.129213,2.7125356
1978,9.591782,4.403993,2.5648508
1979,10.000529,4.045563,2.781195
1980,10.810863,5.2573495,3.3954544
1982,11.369292,6.2444415,4.234995
1983,10.822406,5.201762,3.4728372
1984,10.177941,4.047343,2.7760556
1985,10.794752,8.641334,3.1403143
1987,9.400892,8.84495,2.601305
1988,11.660494,6.60632,4.4146852
1989,5.2177,11.888242,5.716224
1990,11.154285,9.0641165,4.7913003
1993,9.453392,8.275438,2.1681292
1994,10.123544,6.096448,4.2067504
1995,9.506905,8.443075,5.5327134
1996,11.742335,6.5044594,3.2408526
1998,7.0314064,8.575708,5.26855
1999,9.614012,4.4914975,2.5967515
2001,7.9400105,6.223119,4.064654
2002,7.4713206,6.527066,4.3594346
2003,10.279072,8.860863,2.8111534
2006,9.806191,6.0671935,4.2009277
2007,10.671232,6.3001823,2.4287548
2008,9.738299,6.8766446,4.4485836
2009,10.965102,8.298985,4.7804546
2011,9.30259,8.654295,2.6285975
2012,9.610771,7.4765873,3.8751128
2013,7.717352,5.9712586,4.2830806
2014,7.7021856,6.565213,4.334205
2015,9.469488,6.8676295,4.519976
2016,11.0972185,7.339747,4.826742
2017,7.5756054,7.153109,5.2887893
2018,8.086326,8.198967,4.3971868
2020,7.1936493,7.6499124,1.2214309
2021,9.510857,5.7701497,4.3505397
2022,7.598982,5.976536,4.1931906
2023,6.528012,7.950584,3.796128
2027,6.66794,8.354941,3.029309
2028,9.68466,6.1703367,4.639758
2030,8.775369,5.13278,2.8162408
2031,7.892827,9.247736,3.6206632
2032,6.940828,8.72259,5.362771
2034,6.690976,8.684428,5.350493
2035,7.4143453,6.2175245,3.4622588
2036,6.5181026,8.560236,5.2018027
2037,8.119209,7.0610723,4.7783747
2038,8.173881,6.655315,4.7838073
2039,9.378039,5.4379306,4.4509153
2040,7.690428,6.216596,4.555875
2041,8.526098,5.776848,4.348447
2042,8.932503,5.6929636,4.5230265
2043,9.4253435,8.71092,2.0057652
2044,6.4617076,10.233043,4.782038
2045,6.262507,7.770639,2.4480274
2049,6.4733977,7.9904737,2.7406533
2050,6.436057,7.8423715,2.5835128
2052,10.817481,5.7172956,2.9321356
2055,10.973631,8.265432,3.4437275
2056,10.569015,4.662938,4.3747845
2057,6.3265753,7.0060105,2.9516296
2058,6.0866137,10.886256,5.0646105
2059,10.11181,5.792807,4.0021043
2062,6.5339236,8.526432,3.252058
2063,7.0331917,8.823794,4.5028553
2065,9.14716,6.447314,3.6053407
2066,11.684332,6.546782,3.1518035
2067,9.764557,5.9451256,4.4796906
2068,10.712186,5.132033,4.893815
2071,6.0791326,10.89108,5.0655675
2072,10.60558,4.712883,4.7823915
2073,8.891966,5.1056314,3.0779707
2074,5.945602,10.7077675,5.1458306
2076,10.6995945,6.27842,2.3956873
2077,6.595886,10.46543,4.827269
2078,10.079142,4.961482,4.275408
2079,6.4946094,10.55899,4.7655654
2080,11.082032,5.8664637,4.111228
2081,10.3681755,5.2451377,4.4342656
2082,11.414137,5.6367373,4.067823
2083,11.099915,5.452043,4.2394156
2085,9.651148,4.3827662,2.7942588
2086,10.214469,4.070814,2.6849809
2088,10.548139,6.454426,2.263086
2093,11.960218,6.0303864,3.7157164
2096,10.2498665,6.7493253,2.364024
2098,7.976378,6.468722,4.1667767
2100,7.1247525,7.550876,1.164749
2101,6.7463145,8.330832,2.596074
2102,9.983034,6.826252,4.422335
2103,9.079432,8.335418,2.240572
2108,6.677455,8.739741,5.4059243
2109,8.05786,7.563371,4.05932
2110,7.058633,7.814899,3.7563603
2114,11.139988,5.4588656,4.714965
2117,10.460101,5.517212,4.588933
2119,10.2658205,8.438163,5.04473
2120,9.411761,8.768486,1.9899861
2121,6.3679667,9.456696,5.0601687
2126,7.726799,8.87131,3.38929
2127,9.678077,6.8668694,4.445037
2128,7.9398437,8.588456,2.8438075
2129,10.468551,5.1418715,4.5007825
2130,7.6496224,7.142674,4.8890843
2131,7.624954,6.904861,5.178966
2132,7.6377935,7.186011,5.7053323
2134,9.747122,4.6150575,3.2128463
2135,8.89832,8.244488,2.7296324
2136,10.735313,9.825335,3.571695
2138,8.645812,8.43475,2.7105167
2139,10.5107355,5.0174623,3.135662
2141,6.5798764,8.447929,3.0557113
2142,6.671427,8.734542,5.368013
2143,11.834347,8.748462,4.8132195
2144,6.5147514,9.036783,5.299851
2145,6.6094337,8.680493,5.2211127
2146,7.1677814,8.542347,5.394909
2147,7.046805,7.882523,5.234641
2148,6.2594423,7.001731,3.0317051
2149,8.262468,6.613487,4.656398
2150,8.267997,7.058239,4.82292
2152,8.372025,7.3974767,3.8326366
2153,6.7494855,7.750459,4.360917
2159,7.5158386,7.452221,3.835047
2160,7.5014687,7.475066,3.785093
2163,6.322196,7.220971,3.0720592
2165,6.3134313,7.595216,3.7910109
2166,9.229207,5.9805436,3.7520933
2170,7.6361256,6.0131197,3.7159898
2171,6.884289,7.54729,3.6005363
2173,10.588592,5.1844854,4.21648
2177,10.677069,8.602363,3.174641
2179,8.672681,5.666987,4.3109646
2180,11.042391,8.482183,3.4629447
2181,6.3899665,9.503336,5.032866
2182,10.747927,7.6045856,4.9017773
2183,8.878375,5.703929,4.4502554
2185,9.240517,6.322663,3.1142986
2189,10.605162,5.166425,3.2358816
2190,6.1215057,11.101234,5.171106
2192,8.469672,8.927523,4.0208435
2194,11.3905525,5.4014325,4.4408464
2199,11.153518,6.0717206,3.9336765
2201,10.681549,4.7137094,4.885491
2204,11.464803,5.49403,4.320448
2206,9.672392,4.193634,2.9048383
2207,10.049323,4.5967464,2.7464137
2208,10.842943,5.779404,2.9467516
2209,11.447779,6.6169915,4.5891743
2210,11.571712,6.49549,4.5357924
2213,11.5435915,5.8415008,4.5070043
2214,7.167027,8.503351,3.1381
2215,9.244491,7.2404237,3.2388334
2216,7.77196,7.0816507,3.848373
2219,10.641126,7.108976,4.8825884
2221,9.61631,4.329339,3.0957992
2224,10.875887,8.979295,4.6053495
2225,10.380498,9.362864,4.6030045
2228,7.2540536,9.795869,3.741857
2232,10.201575,5.5043907,4.4842005
2234,8.041985,5.93515,3.7082076
2235,11.42121,9.347024,4.7124643
2236,8.646191,8.255072,3.780326
2237,8.186626,8.093315,3.730034
2241,9.259634,5.9242306,4.6137576
2242,9.216711,5.788096,4.608032
2243,7.6252966,8.370066,2.2445192
2244,8.123907,8.9429655,3.5146658
2245,9.155942,8.038299,2.5925682
2247,7.00301,7.8489428,5.1256976
2249,10.968424,8.394542,3.3137524
2250,11.021746,8.913813,3.2307382
2251,6.5044575,8.0975065,3.7741418
2253,11.073798,9.239474,3.3433921
2258,6.6667004,8.220869,2.967545
2262,6.454629,7.985339,2.73447
2264,6.5831504,7.405109,2.01874
2266,8.661663,5.60956,2.6917963
2267,6.529896,7.4111395,2.0146866
2268,8.818162,8.201551,3.0927546
2271,6.635392,9.177465,4.737688
2272,8.019129,8.274885,4.3751707
2273,9.563354,6.9045877,4.199708
2275,6.6004615,9.843276,4.0468245
2277,10.853341,5.0751696,4.952589
2278,10.700718,4.8648486,4.4976826
2279,10.773965,7.0140395,4.79288
2283,9.703414,4.4225044,3.1674583
2284,9.546082,4.254213,2.6531496
2285,9.583242,4.263011,2.8402286
2286,11.506648,5.4669695,4.211437
2287,10.673581,4.5039644,3.5705905
2288,11.333339,5.54855,4.6155457
2289,10.64499,4.3516273,3.5321088
2290,9.518995,4.1779532,2.536048
2291,9.535383,4.2246404,2.5474281
2292,10.041484,4.2765565,2.9378915
2294,10.673705,5.203276,3.7986417
2295,10.447715,5.358559,3.805842
2296,9.914218,5.827052,3.3430147
2303,7.742336,8.511226,2.2678013
2304,8.721581,5.6578894,4.2899036
2305,7.5153346,8.151978,4.165652
2307,9.651132,4.509839,3.1909592
2308,10.749779,8.593501,4.7453513
2310,6.486695,8.585858,4.459749
2311,6.3611803,8.557269,4.9539337
2314,10.297057,5.762799,3.9631598
2316,11.051128,7.6743817,4.8909426
2319,12.006811,8.705907,5.0166993
2320,10.795527,6.4398785,4.1335974
2325,10.929661,8.733729,3.1289432
2326,6.904474,7.47322,3.6408331
2327,10.841155,8.624947,3.0980673
2328,7.138189,8.4892235,5.2176847
2329,11.964612,8.73346,4.952589
2330,11.961547,8.673916,4.8846083
2331,11.957211,8.699173,4.9784217
2332,11.173937,8.231532,5.0396485
2334,7.1142187,7.552547,1.2033491
2335,9.831658,6.3314576,4.644955
2336,9.019732,8.192396,2.070484
2337,8.856957,5.5686827,4.4012356
2338,6.9379616,9.958201,4.327128
2341,6.772037,8.465748,5.0712276
2342,9.330696,8.704399,2.0561566
2344,6.640421,7.4072514,1.9304564
2345,8.085465,9.328115,3.7563446
2347,5.6224403,11.5073805,5.448065
2349,9.3167515,5.7786326,4.4535236
2350,10.462351,4.74993,4.5401797
2352,7.6920757,9.6056185,3.7650607
2353,10.503985,4.519789,3.2982728
2357,11.635824,6.5066814,4.5628476
2358,11.653534,6.499576,4.5512476
2360,6.3005147,7.8005195,2.5488236
2361,7.673893,9.329452,3.9992847
2363,10.33902,5.0809155,4.465897
2364,11.376879,9.401152,4.6900125
2365,10.4149275,5.131047,3.0723598
2367,9.126744,8.416194,2.2608824
2369,8.391011,5.7015,4.0969763
2371,8.133002,6.7377443,4.277651
2375,10.212467,4.1060963,2.7462747
2376,10.528011,5.40431,4.448543
2378,10.8264475,6.632451,4.1872354
2379,9.8959875,6.6500497,3.0987968
2380,10.271362,4.922265,3.2722921
2381,9.49936,8.566723,2.0531006
2382,10.214528,6.504319,4.295409
2383,9.501849,8.406589,2.1628113
2386,10.794123,7.663781,5.086455
2387,10.867012,7.5967546,5.143902
2388,11.108885,8.364558,4.9917893
2393,10.273348,5.4010043,3.822137
2394,11.647679,9.020386,4.4730034
2396,10.798122,8.840703,3.1011808
2397,9.675318,8.272072,2.2386866
2398,11.181177,9.595413,4.0169573
2400,9.247931,8.855088,2.2590635
2403,6.3962483,8.513779,4.305143
2406,8.077568,8.903505,3.414623
2407,11.499991,6.3112617,4.304494
2412,9.846062,6.416758,4.2658925
2414,11.042652,5.844006,4.0843287
2416,9.955269,4.923302,2.3460765
2420,9.491061,4.1519957,2.5925956
2421,10.613269,4.678617,4.854943
2423,10.32488,4.811405,4.162919
2424,10.301511,4.1847973,3.0791695
2425,10.246729,4.274695,3.1207166
2426,10.675389,6.274196,2.390382
2429,10.702292,6.2213264,2.4051855
